"LOCATION","INDICATOR","SUBJECT","MEASURE","FREQUENCY","TIME","Value","Flag Codes"
"AUS","EMP","TOT","PC_WKGPOP","A","1979",64.38335,
"AUS","EMP","TOT","PC_WKGPOP","A","1980",65.17445,
"AUS","EMP","TOT","PC_WKGPOP","A","1981",65.36742,
"AUS","EMP","TOT","PC_WKGPOP","A","1982",64.16441,
"AUS","EMP","TOT","PC_WKGPOP","A","1983",61.94022,
"AUS","EMP","TOT","PC_WKGPOP","A","1984",62.82397,
"AUS","EMP","TOT","PC_WKGPOP","A","1985",63.7218,
"AUS","EMP","TOT","PC_WKGPOP","A","1986",65.14481,
"AUS","EMP","TOT","PC_WKGPOP","A","1987",65.30288,
"AUS","EMP","TOT","PC_WKGPOP","A","1988",66.48173,
"AUS","EMP","TOT","PC_WKGPOP","A","1989",68.19857,
"AUS","EMP","TOT","PC_WKGPOP","A","1990",68.37136,
"AUS","EMP","TOT","PC_WKGPOP","A","1991",65.9215,
"AUS","EMP","TOT","PC_WKGPOP","A","1992",64.93269,
"AUS","EMP","TOT","PC_WKGPOP","A","1993",64.61858,
"AUS","EMP","TOT","PC_WKGPOP","A","1994",66.00251,
"AUS","EMP","TOT","PC_WKGPOP","A","1995",67.62838,
"AUS","EMP","TOT","PC_WKGPOP","A","1996",67.66373,
"AUS","EMP","TOT","PC_WKGPOP","A","1997",67.36479,
"AUS","EMP","TOT","PC_WKGPOP","A","1998",67.80048,
"AUS","EMP","TOT","PC_WKGPOP","A","1999",68.23203,
"AUS","EMP","TOT","PC_WKGPOP","A","2000",69.09614,
"AUS","EMP","TOT","PC_WKGPOP","A","2001",69.00098,
"AUS","EMP","TOT","PC_WKGPOP","A","2002",69.35914,
"AUS","EMP","TOT","PC_WKGPOP","A","2003",70.01125,
"AUS","EMP","TOT","PC_WKGPOP","A","2004",70.29926,
"AUS","EMP","TOT","PC_WKGPOP","A","2005",71.54403,
"AUS","EMP","TOT","PC_WKGPOP","A","2006",72.12262,
"AUS","EMP","TOT","PC_WKGPOP","A","2007",72.80006,
"AUS","EMP","TOT","PC_WKGPOP","A","2008",73.20431,
"AUS","EMP","TOT","PC_WKGPOP","A","2009",72.05107,
"AUS","EMP","TOT","PC_WKGPOP","A","2010",72.37024,
"AUS","EMP","TOT","PC_WKGPOP","A","2011",72.65694,
"AUS","EMP","TOT","PC_WKGPOP","A","2012",72.34558,
"AUS","EMP","TOT","PC_WKGPOP","A","2013",71.97044,
"AUS","EMP","TOT","PC_WKGPOP","A","2014",71.56635,
"AUS","EMP","TOT","PC_WKGPOP","A","2015",72.15796,
"AUS","EMP","TOT","PC_WKGPOP","A","2016",72.4315,
"AUS","EMP","TOT","PC_WKGPOP","A","2017",72.98936,
"AUS","EMP","TOT","PC_WKGPOP","A","2018",73.76588,
"AUS","EMP","TOT","PC_WKGPOP","A","2019",74.32264,
"AUS","EMP","TOT","PC_WKGPOP","A","2020",72.70296,
"AUS","EMP","TOT","PC_WKGPOP","A","2021",74.97159,
"AUT","EMP","TOT","PC_WKGPOP","A","1999",68.525,
"AUT","EMP","TOT","PC_WKGPOP","A","2000",68.5,
"AUT","EMP","TOT","PC_WKGPOP","A","2001",68.375,
"AUT","EMP","TOT","PC_WKGPOP","A","2002",68.75,
"AUT","EMP","TOT","PC_WKGPOP","A","2003",68.95,"B"
"AUT","EMP","TOT","PC_WKGPOP","A","2004",66.525,"B"
"AUT","EMP","TOT","PC_WKGPOP","A","2005",67.4,
"AUT","EMP","TOT","PC_WKGPOP","A","2006",68.575,"B"
"AUT","EMP","TOT","PC_WKGPOP","A","2007",69.875,
"AUT","EMP","TOT","PC_WKGPOP","A","2008",70.825,
"AUT","EMP","TOT","PC_WKGPOP","A","2009",70.325,
"AUT","EMP","TOT","PC_WKGPOP","A","2010",70.775,
"AUT","EMP","TOT","PC_WKGPOP","A","2011",71.1,
"AUT","EMP","TOT","PC_WKGPOP","A","2012",71.425,
"AUT","EMP","TOT","PC_WKGPOP","A","2013",71.4,
"AUT","EMP","TOT","PC_WKGPOP","A","2014",71.075,
"AUT","EMP","TOT","PC_WKGPOP","A","2015",71.1,
"AUT","EMP","TOT","PC_WKGPOP","A","2016",71.55,
"AUT","EMP","TOT","PC_WKGPOP","A","2017",72.2,
"AUT","EMP","TOT","PC_WKGPOP","A","2018",73.025,
"AUT","EMP","TOT","PC_WKGPOP","A","2019",73.525,
"AUT","EMP","TOT","PC_WKGPOP","A","2020",71.725,
"AUT","EMP","TOT","PC_WKGPOP","A","2021",72.4,
"BEL","EMP","TOT","PC_WKGPOP","A","1999",59.3,
"BEL","EMP","TOT","PC_WKGPOP","A","2000",60.525,"B"
"BEL","EMP","TOT","PC_WKGPOP","A","2001",59.95,
"BEL","EMP","TOT","PC_WKGPOP","A","2002",59.9,
"BEL","EMP","TOT","PC_WKGPOP","A","2003",59.6,
"BEL","EMP","TOT","PC_WKGPOP","A","2004",60.35,"B"
"BEL","EMP","TOT","PC_WKGPOP","A","2005",61.075,
"BEL","EMP","TOT","PC_WKGPOP","A","2006",61,
"BEL","EMP","TOT","PC_WKGPOP","A","2007",62.025,
"BEL","EMP","TOT","PC_WKGPOP","A","2008",62.4,"B"
"BEL","EMP","TOT","PC_WKGPOP","A","2009",61.6,
"BEL","EMP","TOT","PC_WKGPOP","A","2010",62.025,
"BEL","EMP","TOT","PC_WKGPOP","A","2011",61.925,
"BEL","EMP","TOT","PC_WKGPOP","A","2012",61.825,
"BEL","EMP","TOT","PC_WKGPOP","A","2013",61.8,
"BEL","EMP","TOT","PC_WKGPOP","A","2014",61.9,
"BEL","EMP","TOT","PC_WKGPOP","A","2015",61.8,
"BEL","EMP","TOT","PC_WKGPOP","A","2016",62.3,"B"
"BEL","EMP","TOT","PC_WKGPOP","A","2017",63.125,
"BEL","EMP","TOT","PC_WKGPOP","A","2018",64.45,
"BEL","EMP","TOT","PC_WKGPOP","A","2019",65.3,
"BEL","EMP","TOT","PC_WKGPOP","A","2020",64.45,
"BEL","EMP","TOT","PC_WKGPOP","A","2021",65.3,
"CAN","EMP","TOT","PC_WKGPOP","A","1976",63.075,
"CAN","EMP","TOT","PC_WKGPOP","A","1977",62.93333,
"CAN","EMP","TOT","PC_WKGPOP","A","1978",63.7,
"CAN","EMP","TOT","PC_WKGPOP","A","1979",65.38333,
"CAN","EMP","TOT","PC_WKGPOP","A","1980",66.13333,
"CAN","EMP","TOT","PC_WKGPOP","A","1981",67,
"CAN","EMP","TOT","PC_WKGPOP","A","1982",63.90833,
"CAN","EMP","TOT","PC_WKGPOP","A","1983",63.65833,
"CAN","EMP","TOT","PC_WKGPOP","A","1984",64.58334,
"CAN","EMP","TOT","PC_WKGPOP","A","1985",66.00833,
"CAN","EMP","TOT","PC_WKGPOP","A","1986",67.40833,
"CAN","EMP","TOT","PC_WKGPOP","A","1987",68.575,
"CAN","EMP","TOT","PC_WKGPOP","A","1988",69.98333,
"CAN","EMP","TOT","PC_WKGPOP","A","1989",70.76667,
"CAN","EMP","TOT","PC_WKGPOP","A","1990",70.35,
"CAN","EMP","TOT","PC_WKGPOP","A","1991",68.25833,
"CAN","EMP","TOT","PC_WKGPOP","A","1992",66.80833,
"CAN","EMP","TOT","PC_WKGPOP","A","1993",66.45834,
"CAN","EMP","TOT","PC_WKGPOP","A","1994",67.025,
"CAN","EMP","TOT","PC_WKGPOP","A","1995",67.525,
"CAN","EMP","TOT","PC_WKGPOP","A","1996",67.35,
"CAN","EMP","TOT","PC_WKGPOP","A","1997",67.98333,
"CAN","EMP","TOT","PC_WKGPOP","A","1998",68.95,
"CAN","EMP","TOT","PC_WKGPOP","A","1999",69.98333,
"CAN","EMP","TOT","PC_WKGPOP","A","2000",70.9,
"CAN","EMP","TOT","PC_WKGPOP","A","2001",70.79166,
"CAN","EMP","TOT","PC_WKGPOP","A","2002",71.41666,
"CAN","EMP","TOT","PC_WKGPOP","A","2003",72.18333,
"CAN","EMP","TOT","PC_WKGPOP","A","2004",72.45,
"CAN","EMP","TOT","PC_WKGPOP","A","2005",72.44167,
"CAN","EMP","TOT","PC_WKGPOP","A","2006",72.70834,
"CAN","EMP","TOT","PC_WKGPOP","A","2007",73.325,
"CAN","EMP","TOT","PC_WKGPOP","A","2008",73.35,
"CAN","EMP","TOT","PC_WKGPOP","A","2009",71.26667,
"CAN","EMP","TOT","PC_WKGPOP","A","2010",71.29166,
"CAN","EMP","TOT","PC_WKGPOP","A","2011",71.71667,
"CAN","EMP","TOT","PC_WKGPOP","A","2012",71.925,
"CAN","EMP","TOT","PC_WKGPOP","A","2013",72.29166,
"CAN","EMP","TOT","PC_WKGPOP","A","2014",72.13333,
"CAN","EMP","TOT","PC_WKGPOP","A","2015",72.35833,
"CAN","EMP","TOT","PC_WKGPOP","A","2016",72.33334,
"CAN","EMP","TOT","PC_WKGPOP","A","2017",73.15833,
"CAN","EMP","TOT","PC_WKGPOP","A","2018",73.53333,
"CAN","EMP","TOT","PC_WKGPOP","A","2019",74.15,
"CAN","EMP","TOT","PC_WKGPOP","A","2020",69.96667,
"CAN","EMP","TOT","PC_WKGPOP","A","2021",73.23333,
"CZE","EMP","TOT","PC_WKGPOP","A","1998",67.325,
"CZE","EMP","TOT","PC_WKGPOP","A","1999",65.625,
"CZE","EMP","TOT","PC_WKGPOP","A","2000",64.975,
"CZE","EMP","TOT","PC_WKGPOP","A","2001",65.025,
"CZE","EMP","TOT","PC_WKGPOP","A","2002",65.425,
"CZE","EMP","TOT","PC_WKGPOP","A","2003",64.725,
"CZE","EMP","TOT","PC_WKGPOP","A","2004",64.175,"B"
"CZE","EMP","TOT","PC_WKGPOP","A","2005",64.8,
"CZE","EMP","TOT","PC_WKGPOP","A","2006",65.275,
"CZE","EMP","TOT","PC_WKGPOP","A","2007",66.075,
"CZE","EMP","TOT","PC_WKGPOP","A","2008",66.55,
"CZE","EMP","TOT","PC_WKGPOP","A","2009",65.375,
"CZE","EMP","TOT","PC_WKGPOP","A","2010",64.975,"B"
"CZE","EMP","TOT","PC_WKGPOP","A","2011",65.725,
"CZE","EMP","TOT","PC_WKGPOP","A","2012",66.55,
"CZE","EMP","TOT","PC_WKGPOP","A","2013",67.725,
"CZE","EMP","TOT","PC_WKGPOP","A","2014",68.975,
"CZE","EMP","TOT","PC_WKGPOP","A","2015",70.225,
"CZE","EMP","TOT","PC_WKGPOP","A","2016",71.95,
"CZE","EMP","TOT","PC_WKGPOP","A","2017",73.625,
"CZE","EMP","TOT","PC_WKGPOP","A","2018",74.825,
"CZE","EMP","TOT","PC_WKGPOP","A","2019",75.125,
"CZE","EMP","TOT","PC_WKGPOP","A","2020",74.4,
"CZE","EMP","TOT","PC_WKGPOP","A","2021",74.4,"B"
"DNK","EMP","TOT","PC_WKGPOP","A","1999",76.05,
"DNK","EMP","TOT","PC_WKGPOP","A","2000",76.25,
"DNK","EMP","TOT","PC_WKGPOP","A","2001",76.2,
"DNK","EMP","TOT","PC_WKGPOP","A","2002",75.875,
"DNK","EMP","TOT","PC_WKGPOP","A","2003",75.125,
"DNK","EMP","TOT","PC_WKGPOP","A","2004",75.675,"B"
"DNK","EMP","TOT","PC_WKGPOP","A","2005",75.9,
"DNK","EMP","TOT","PC_WKGPOP","A","2006",77.375,
"DNK","EMP","TOT","PC_WKGPOP","A","2007",77,"B"
"DNK","EMP","TOT","PC_WKGPOP","A","2008",76.325,
"DNK","EMP","TOT","PC_WKGPOP","A","2009",73.525,
"DNK","EMP","TOT","PC_WKGPOP","A","2010",71.8,
"DNK","EMP","TOT","PC_WKGPOP","A","2011",71.625,
"DNK","EMP","TOT","PC_WKGPOP","A","2012",71.025,
"DNK","EMP","TOT","PC_WKGPOP","A","2013",70.775,
"DNK","EMP","TOT","PC_WKGPOP","A","2014",71.1,
"DNK","EMP","TOT","PC_WKGPOP","A","2015",71.975,"B"
"DNK","EMP","TOT","PC_WKGPOP","A","2016",72.675,"B"
"DNK","EMP","TOT","PC_WKGPOP","A","2017",73.225,
"DNK","EMP","TOT","PC_WKGPOP","A","2018",74.125,
"DNK","EMP","TOT","PC_WKGPOP","A","2019",75,
"DNK","EMP","TOT","PC_WKGPOP","A","2020",74.425,
"DNK","EMP","TOT","PC_WKGPOP","A","2021",75.55,
"FIN","EMP","TOT","PC_WKGPOP","A","1998",64.05,
"FIN","EMP","TOT","PC_WKGPOP","A","1999",66.275,"B"
"FIN","EMP","TOT","PC_WKGPOP","A","2000",67.15,
"FIN","EMP","TOT","PC_WKGPOP","A","2001",68.125,
"FIN","EMP","TOT","PC_WKGPOP","A","2002",68.075,
"FIN","EMP","TOT","PC_WKGPOP","A","2003",67.7,
"FIN","EMP","TOT","PC_WKGPOP","A","2004",67.65,"B"
"FIN","EMP","TOT","PC_WKGPOP","A","2005",68.375,
"FIN","EMP","TOT","PC_WKGPOP","A","2006",69.35,
"FIN","EMP","TOT","PC_WKGPOP","A","2007",70.3,"B"
"FIN","EMP","TOT","PC_WKGPOP","A","2008",71.05,"B"
"FIN","EMP","TOT","PC_WKGPOP","A","2009",67.9,
"FIN","EMP","TOT","PC_WKGPOP","A","2010",67.15,
"FIN","EMP","TOT","PC_WKGPOP","A","2011",68,
"FIN","EMP","TOT","PC_WKGPOP","A","2012",68.45,
"FIN","EMP","TOT","PC_WKGPOP","A","2013",68.075,
"FIN","EMP","TOT","PC_WKGPOP","A","2014",67.95,
"FIN","EMP","TOT","PC_WKGPOP","A","2015",67.55,
"FIN","EMP","TOT","PC_WKGPOP","A","2016",68.225,
"FIN","EMP","TOT","PC_WKGPOP","A","2017",69.075,
"FIN","EMP","TOT","PC_WKGPOP","A","2018",71.15,
"FIN","EMP","TOT","PC_WKGPOP","A","2019",72,
"FIN","EMP","TOT","PC_WKGPOP","A","2020",71.175,
"FIN","EMP","TOT","PC_WKGPOP","A","2021",72.65,
"FRA","EMP","TOT","PC_WKGPOP","A","2003",64.425,
"FRA","EMP","TOT","PC_WKGPOP","A","2004",64.225,
"FRA","EMP","TOT","PC_WKGPOP","A","2005",64.15,
"FRA","EMP","TOT","PC_WKGPOP","A","2006",64.15,
"FRA","EMP","TOT","PC_WKGPOP","A","2007",64.725,
"FRA","EMP","TOT","PC_WKGPOP","A","2008",65.3,
"FRA","EMP","TOT","PC_WKGPOP","A","2009",64.425,
"FRA","EMP","TOT","PC_WKGPOP","A","2010",64.375,
"FRA","EMP","TOT","PC_WKGPOP","A","2011",64.3,
"FRA","EMP","TOT","PC_WKGPOP","A","2012",64.375,
"FRA","EMP","TOT","PC_WKGPOP","A","2013",64.375,
"FRA","EMP","TOT","PC_WKGPOP","A","2014",64.525,
"FRA","EMP","TOT","PC_WKGPOP","A","2015",64.7,
"FRA","EMP","TOT","PC_WKGPOP","A","2016",65,
"FRA","EMP","TOT","PC_WKGPOP","A","2017",65.55,
"FRA","EMP","TOT","PC_WKGPOP","A","2018",66.15,
"FRA","EMP","TOT","PC_WKGPOP","A","2019",66.375,
"FRA","EMP","TOT","PC_WKGPOP","A","2020",66.1,
"FRA","EMP","TOT","PC_WKGPOP","A","2021",67.25,
"DEU","EMP","TOT","PC_WKGPOP","A","2005",65.45,
"DEU","EMP","TOT","PC_WKGPOP","A","2006",67.15,
"DEU","EMP","TOT","PC_WKGPOP","A","2007",68.975,
"DEU","EMP","TOT","PC_WKGPOP","A","2008",70.1,
"DEU","EMP","TOT","PC_WKGPOP","A","2009",69.375,"B"
"DEU","EMP","TOT","PC_WKGPOP","A","2010",70.3,"B"
"DEU","EMP","TOT","PC_WKGPOP","A","2011",71.775,
"DEU","EMP","TOT","PC_WKGPOP","A","2012",72.05,
"DEU","EMP","TOT","PC_WKGPOP","A","2013",72.525,
"DEU","EMP","TOT","PC_WKGPOP","A","2014",72.8,
"DEU","EMP","TOT","PC_WKGPOP","A","2015",73,
"DEU","EMP","TOT","PC_WKGPOP","A","2016",73.675,
"DEU","EMP","TOT","PC_WKGPOP","A","2017",74.25,
"DEU","EMP","TOT","PC_WKGPOP","A","2018",74.9,
"DEU","EMP","TOT","PC_WKGPOP","A","2019",75.65,"B"
"DEU","EMP","TOT","PC_WKGPOP","A","2020",76.15579,"E"
"DEU","EMP","TOT","PC_WKGPOP","A","2021",75.775,
"GRC","EMP","TOT","PC_WKGPOP","A","1998",55.975,
"GRC","EMP","TOT","PC_WKGPOP","A","1999",55.9,
"GRC","EMP","TOT","PC_WKGPOP","A","2000",56.45,"B"
"GRC","EMP","TOT","PC_WKGPOP","A","2001",56.325,
"GRC","EMP","TOT","PC_WKGPOP","A","2002",57.375,
"GRC","EMP","TOT","PC_WKGPOP","A","2003",58.5,"B"
"GRC","EMP","TOT","PC_WKGPOP","A","2004",59.075,"B"
"GRC","EMP","TOT","PC_WKGPOP","A","2005",59.625,
"GRC","EMP","TOT","PC_WKGPOP","A","2006",60.55,
"GRC","EMP","TOT","PC_WKGPOP","A","2007",60.875,
"GRC","EMP","TOT","PC_WKGPOP","A","2008",61.425,"B"
"GRC","EMP","TOT","PC_WKGPOP","A","2009",60.675,
"GRC","EMP","TOT","PC_WKGPOP","A","2010",58.85,
"GRC","EMP","TOT","PC_WKGPOP","A","2011",54.85,
"GRC","EMP","TOT","PC_WKGPOP","A","2012",50.425,
"GRC","EMP","TOT","PC_WKGPOP","A","2013",48.475,
"GRC","EMP","TOT","PC_WKGPOP","A","2014",49.225,
"GRC","EMP","TOT","PC_WKGPOP","A","2015",50.7,
"GRC","EMP","TOT","PC_WKGPOP","A","2016",51.775,
"GRC","EMP","TOT","PC_WKGPOP","A","2017",53.225,
"GRC","EMP","TOT","PC_WKGPOP","A","2018",54.525,
"GRC","EMP","TOT","PC_WKGPOP","A","2019",56.125,
"GRC","EMP","TOT","PC_WKGPOP","A","2020",53.675,
"GRC","EMP","TOT","PC_WKGPOP","A","2021",57.25,
"HUN","EMP","TOT","PC_WKGPOP","A","1999",55.55,
"HUN","EMP","TOT","PC_WKGPOP","A","2000",56.225,"B"
"HUN","EMP","TOT","PC_WKGPOP","A","2001",56.2,
"HUN","EMP","TOT","PC_WKGPOP","A","2002",56.225,
"HUN","EMP","TOT","PC_WKGPOP","A","2003",57.025,
"HUN","EMP","TOT","PC_WKGPOP","A","2004",56.75,"B"
"HUN","EMP","TOT","PC_WKGPOP","A","2005",56.9,
"HUN","EMP","TOT","PC_WKGPOP","A","2006",57.35,
"HUN","EMP","TOT","PC_WKGPOP","A","2007",57.025,
"HUN","EMP","TOT","PC_WKGPOP","A","2008",56.4,
"HUN","EMP","TOT","PC_WKGPOP","A","2009",57.2,
"HUN","EMP","TOT","PC_WKGPOP","A","2010",57.05,
"HUN","EMP","TOT","PC_WKGPOP","A","2011",57.55,
"HUN","EMP","TOT","PC_WKGPOP","A","2012",58.625,
"HUN","EMP","TOT","PC_WKGPOP","A","2013",60.125,
"HUN","EMP","TOT","PC_WKGPOP","A","2014",63.65,
"HUN","EMP","TOT","PC_WKGPOP","A","2015",65.85,
"HUN","EMP","TOT","PC_WKGPOP","A","2016",68.525,
"HUN","EMP","TOT","PC_WKGPOP","A","2017",70.175,
"HUN","EMP","TOT","PC_WKGPOP","A","2018",71.4,
"HUN","EMP","TOT","PC_WKGPOP","A","2019",72.225,
"HUN","EMP","TOT","PC_WKGPOP","A","2020",71.95,
"HUN","EMP","TOT","PC_WKGPOP","A","2021",73.075,
"ISL","EMP","TOT","PC_WKGPOP","A","2003",83.25,
"ISL","EMP","TOT","PC_WKGPOP","A","2004",82.275,
"ISL","EMP","TOT","PC_WKGPOP","A","2005",83.775,
"ISL","EMP","TOT","PC_WKGPOP","A","2006",84.6,
"ISL","EMP","TOT","PC_WKGPOP","A","2007",85.15,"B"
"ISL","EMP","TOT","PC_WKGPOP","A","2008",83.575,
"ISL","EMP","TOT","PC_WKGPOP","A","2009",78.325,
"ISL","EMP","TOT","PC_WKGPOP","A","2010",78.175,
"ISL","EMP","TOT","PC_WKGPOP","A","2011",78.475,
"ISL","EMP","TOT","PC_WKGPOP","A","2012",79.675,
"ISL","EMP","TOT","PC_WKGPOP","A","2013",81.1,
"ISL","EMP","TOT","PC_WKGPOP","A","2014",82.95,
"ISL","EMP","TOT","PC_WKGPOP","A","2015",84.725,
"ISL","EMP","TOT","PC_WKGPOP","A","2016",86.525,
"ISL","EMP","TOT","PC_WKGPOP","A","2017",86.1,
"ISL","EMP","TOT","PC_WKGPOP","A","2018",85.075,
"ISL","EMP","TOT","PC_WKGPOP","A","2019",84.1,
"ISL","EMP","TOT","PC_WKGPOP","A","2020",80.3,"B"
"ISL","EMP","TOT","PC_WKGPOP","A","2021",79.75,
"IRL","EMP","TOT","PC_WKGPOP","A","2000",65.15,
"IRL","EMP","TOT","PC_WKGPOP","A","2001",65.825,
"IRL","EMP","TOT","PC_WKGPOP","A","2002",65.45,
"IRL","EMP","TOT","PC_WKGPOP","A","2003",65.5,
"IRL","EMP","TOT","PC_WKGPOP","A","2004",66.275,"B"
"IRL","EMP","TOT","PC_WKGPOP","A","2005",67.625,
"IRL","EMP","TOT","PC_WKGPOP","A","2006",68.675,"B"
"IRL","EMP","TOT","PC_WKGPOP","A","2007",71.725,
"IRL","EMP","TOT","PC_WKGPOP","A","2008",69.65,"B"
"IRL","EMP","TOT","PC_WKGPOP","A","2009",63.625,
"IRL","EMP","TOT","PC_WKGPOP","A","2010",60.95,
"IRL","EMP","TOT","PC_WKGPOP","A","2011",60.025,
"IRL","EMP","TOT","PC_WKGPOP","A","2012",59.9,
"IRL","EMP","TOT","PC_WKGPOP","A","2013",61.75,
"IRL","EMP","TOT","PC_WKGPOP","A","2014",63.125,
"IRL","EMP","TOT","PC_WKGPOP","A","2015",64.7,
"IRL","EMP","TOT","PC_WKGPOP","A","2016",66.425,
"IRL","EMP","TOT","PC_WKGPOP","A","2017",67.575,
"IRL","EMP","TOT","PC_WKGPOP","A","2018",68.475,
"IRL","EMP","TOT","PC_WKGPOP","A","2019",69.45,
"IRL","EMP","TOT","PC_WKGPOP","A","2020",66.55,
"IRL","EMP","TOT","PC_WKGPOP","A","2021",69.85,
"ITA","EMP","TOT","PC_WKGPOP","A","1998",51.925,
"ITA","EMP","TOT","PC_WKGPOP","A","1999",52.675,
"ITA","EMP","TOT","PC_WKGPOP","A","2000",53.7,
"ITA","EMP","TOT","PC_WKGPOP","A","2001",54.8,
"ITA","EMP","TOT","PC_WKGPOP","A","2002",55.55,
"ITA","EMP","TOT","PC_WKGPOP","A","2003",56.1,"B"
"ITA","EMP","TOT","PC_WKGPOP","A","2004",57.725,"B"
"ITA","EMP","TOT","PC_WKGPOP","A","2005",57.575,
"ITA","EMP","TOT","PC_WKGPOP","A","2006",58.325,
"ITA","EMP","TOT","PC_WKGPOP","A","2007",58.575,
"ITA","EMP","TOT","PC_WKGPOP","A","2008",58.65,"B"
"ITA","EMP","TOT","PC_WKGPOP","A","2009",56.9,
"ITA","EMP","TOT","PC_WKGPOP","A","2010",56.25,
"ITA","EMP","TOT","PC_WKGPOP","A","2011",56.35,
"ITA","EMP","TOT","PC_WKGPOP","A","2012",56.075,
"ITA","EMP","TOT","PC_WKGPOP","A","2013",54.95,
"ITA","EMP","TOT","PC_WKGPOP","A","2014",55.275,
"ITA","EMP","TOT","PC_WKGPOP","A","2015",56.025,
"ITA","EMP","TOT","PC_WKGPOP","A","2016",57.05,
"ITA","EMP","TOT","PC_WKGPOP","A","2017",57.875,
"ITA","EMP","TOT","PC_WKGPOP","A","2018",58.5,
"ITA","EMP","TOT","PC_WKGPOP","A","2019",59.05,
"ITA","EMP","TOT","PC_WKGPOP","A","2020",57.45,
"ITA","EMP","TOT","PC_WKGPOP","A","2021",58.25,
"JPN","EMP","TOT","PC_WKGPOP","A","1968",68.34715,
"JPN","EMP","TOT","PC_WKGPOP","A","1969",68.05464,
"JPN","EMP","TOT","PC_WKGPOP","A","1970",68.02609,
"JPN","EMP","TOT","PC_WKGPOP","A","1971",67.8151,
"JPN","EMP","TOT","PC_WKGPOP","A","1972",67.32407,
"JPN","EMP","TOT","PC_WKGPOP","A","1973",67.76276,
"JPN","EMP","TOT","PC_WKGPOP","A","1974",66.85671,
"JPN","EMP","TOT","PC_WKGPOP","A","1975",66.05473,
"JPN","EMP","TOT","PC_WKGPOP","A","1976",66.08424,
"JPN","EMP","TOT","PC_WKGPOP","A","1977",66.41894,
"JPN","EMP","TOT","PC_WKGPOP","A","1978",66.70863,
"JPN","EMP","TOT","PC_WKGPOP","A","1979",67.0548,
"JPN","EMP","TOT","PC_WKGPOP","A","1980",67.09999,
"JPN","EMP","TOT","PC_WKGPOP","A","1981",67.13415,
"JPN","EMP","TOT","PC_WKGPOP","A","1982",67.30173,
"JPN","EMP","TOT","PC_WKGPOP","A","1983",67.72694,
"JPN","EMP","TOT","PC_WKGPOP","A","1984",67.51933,
"JPN","EMP","TOT","PC_WKGPOP","A","1985",67.35564,
"JPN","EMP","TOT","PC_WKGPOP","A","1986",67.23186,
"JPN","EMP","TOT","PC_WKGPOP","A","1987",67.12411,
"JPN","EMP","TOT","PC_WKGPOP","A","1988",67.46243,
"JPN","EMP","TOT","PC_WKGPOP","A","1989",68.10777,
"JPN","EMP","TOT","PC_WKGPOP","A","1990",68.8105,
"JPN","EMP","TOT","PC_WKGPOP","A","1991",69.46976,
"JPN","EMP","TOT","PC_WKGPOP","A","1992",69.75673,
"JPN","EMP","TOT","PC_WKGPOP","A","1993",69.56595,
"JPN","EMP","TOT","PC_WKGPOP","A","1994",69.33826,
"JPN","EMP","TOT","PC_WKGPOP","A","1995",69.24825,
"JPN","EMP","TOT","PC_WKGPOP","A","1996",69.56193,
"JPN","EMP","TOT","PC_WKGPOP","A","1997",70.06789,
"JPN","EMP","TOT","PC_WKGPOP","A","1998",69.57001,
"JPN","EMP","TOT","PC_WKGPOP","A","1999",69.02783,
"JPN","EMP","TOT","PC_WKGPOP","A","2000",68.99153,
"JPN","EMP","TOT","PC_WKGPOP","A","2001",68.85491,
"JPN","EMP","TOT","PC_WKGPOP","A","2002",68.31975,
"JPN","EMP","TOT","PC_WKGPOP","A","2003",68.46236,
"JPN","EMP","TOT","PC_WKGPOP","A","2004",68.81226,
"JPN","EMP","TOT","PC_WKGPOP","A","2005",69.36957,
"JPN","EMP","TOT","PC_WKGPOP","A","2006",70.03201,
"JPN","EMP","TOT","PC_WKGPOP","A","2007",70.77606,
"JPN","EMP","TOT","PC_WKGPOP","A","2008",70.8734,
"JPN","EMP","TOT","PC_WKGPOP","A","2009",70.17559,
"JPN","EMP","TOT","PC_WKGPOP","A","2010",70.28754,
"JPN","EMP","TOT","PC_WKGPOP","A","2011",70.82615,"B"
"JPN","EMP","TOT","PC_WKGPOP","A","2012",70.61858,
"JPN","EMP","TOT","PC_WKGPOP","A","2013",71.7585,
"JPN","EMP","TOT","PC_WKGPOP","A","2014",72.7607,
"JPN","EMP","TOT","PC_WKGPOP","A","2015",73.3971,
"JPN","EMP","TOT","PC_WKGPOP","A","2016",74.52277,
"JPN","EMP","TOT","PC_WKGPOP","A","2017",75.50069,
"JPN","EMP","TOT","PC_WKGPOP","A","2018",77.1633,
"JPN","EMP","TOT","PC_WKGPOP","A","2019",78.11421,
"JPN","EMP","TOT","PC_WKGPOP","A","2020",77.72765,
"JPN","EMP","TOT","PC_WKGPOP","A","2021",77.88137,
"KOR","EMP","TOT","PC_WKGPOP","A","2000",61.51276,
"KOR","EMP","TOT","PC_WKGPOP","A","2001",62.2052,
"KOR","EMP","TOT","PC_WKGPOP","A","2002",63.40555,
"KOR","EMP","TOT","PC_WKGPOP","A","2003",63.0346,
"KOR","EMP","TOT","PC_WKGPOP","A","2004",63.76704,
"KOR","EMP","TOT","PC_WKGPOP","A","2005",63.74775,
"KOR","EMP","TOT","PC_WKGPOP","A","2006",63.97321,
"KOR","EMP","TOT","PC_WKGPOP","A","2007",64.14521,
"KOR","EMP","TOT","PC_WKGPOP","A","2008",63.9557,
"KOR","EMP","TOT","PC_WKGPOP","A","2009",63.0171,
"KOR","EMP","TOT","PC_WKGPOP","A","2010",63.38788,
"KOR","EMP","TOT","PC_WKGPOP","A","2011",63.91484,
"KOR","EMP","TOT","PC_WKGPOP","A","2012",64.34369,
"KOR","EMP","TOT","PC_WKGPOP","A","2013",64.62727,
"KOR","EMP","TOT","PC_WKGPOP","A","2014",65.56622,
"KOR","EMP","TOT","PC_WKGPOP","A","2015",65.90981,
"KOR","EMP","TOT","PC_WKGPOP","A","2016",66.07566,
"KOR","EMP","TOT","PC_WKGPOP","A","2017",66.62926,
"KOR","EMP","TOT","PC_WKGPOP","A","2018",66.61324,
"KOR","EMP","TOT","PC_WKGPOP","A","2019",66.82268,
"KOR","EMP","TOT","PC_WKGPOP","A","2020",65.86022,
"KOR","EMP","TOT","PC_WKGPOP","A","2021",66.52686,
"LUX","EMP","TOT","PC_WKGPOP","A","2003",62.2,
"LUX","EMP","TOT","PC_WKGPOP","A","2004",62.5,"B"
"LUX","EMP","TOT","PC_WKGPOP","A","2005",63.6,
"LUX","EMP","TOT","PC_WKGPOP","A","2006",63.6,"B"
"LUX","EMP","TOT","PC_WKGPOP","A","2007",64.15,
"LUX","EMP","TOT","PC_WKGPOP","A","2008",63.425,"B"
"LUX","EMP","TOT","PC_WKGPOP","A","2009",65.2,
"LUX","EMP","TOT","PC_WKGPOP","A","2010",65.2,
"LUX","EMP","TOT","PC_WKGPOP","A","2011",64.625,
"LUX","EMP","TOT","PC_WKGPOP","A","2012",65.85,
"LUX","EMP","TOT","PC_WKGPOP","A","2013",65.725,
"LUX","EMP","TOT","PC_WKGPOP","A","2014",66.625,"B"
"LUX","EMP","TOT","PC_WKGPOP","A","2015",66.15,
"LUX","EMP","TOT","PC_WKGPOP","A","2016",65.575,
"LUX","EMP","TOT","PC_WKGPOP","A","2017",66.275,
"LUX","EMP","TOT","PC_WKGPOP","A","2018",67.1,
"LUX","EMP","TOT","PC_WKGPOP","A","2019",67.95,
"LUX","EMP","TOT","PC_WKGPOP","A","2020",67.25,"B"
"LUX","EMP","TOT","PC_WKGPOP","A","2021",69.375,
"MEX","EMP","TOT","PC_WKGPOP","A","2005",60.05342,
"MEX","EMP","TOT","PC_WKGPOP","A","2006",60.96249,
"MEX","EMP","TOT","PC_WKGPOP","A","2007",61.00108,
"MEX","EMP","TOT","PC_WKGPOP","A","2008",60.66586,
"MEX","EMP","TOT","PC_WKGPOP","A","2009",59.784,
"MEX","EMP","TOT","PC_WKGPOP","A","2010",59.66136,
"MEX","EMP","TOT","PC_WKGPOP","A","2011",60.02428,
"MEX","EMP","TOT","PC_WKGPOP","A","2012",60.90891,
"MEX","EMP","TOT","PC_WKGPOP","A","2013",60.8422,
"MEX","EMP","TOT","PC_WKGPOP","A","2014",60.40805,
"MEX","EMP","TOT","PC_WKGPOP","A","2015",60.74515,
"MEX","EMP","TOT","PC_WKGPOP","A","2016",61.04717,
"MEX","EMP","TOT","PC_WKGPOP","A","2017",61.19406,
"MEX","EMP","TOT","PC_WKGPOP","A","2018",61.59449,
"MEX","EMP","TOT","PC_WKGPOP","A","2019",62.26349,
"MEX","EMP","TOT","PC_WKGPOP","A","2021",61.03192,
"NLD","EMP","TOT","PC_WKGPOP","A","2000",72.95,
"NLD","EMP","TOT","PC_WKGPOP","A","2001",74.125,
"NLD","EMP","TOT","PC_WKGPOP","A","2002",74.4,
"NLD","EMP","TOT","PC_WKGPOP","A","2003",73.65,
"NLD","EMP","TOT","PC_WKGPOP","A","2004",73.125,"B"
"NLD","EMP","TOT","PC_WKGPOP","A","2005",70.625,
"NLD","EMP","TOT","PC_WKGPOP","A","2006",71.575,
"NLD","EMP","TOT","PC_WKGPOP","A","2007",73.45,
"NLD","EMP","TOT","PC_WKGPOP","A","2008",74.925,"B"
"NLD","EMP","TOT","PC_WKGPOP","A","2009",76.175,
"NLD","EMP","TOT","PC_WKGPOP","A","2010",75.45,
"NLD","EMP","TOT","PC_WKGPOP","A","2011",75.7,
"NLD","EMP","TOT","PC_WKGPOP","A","2012",75.9,
"NLD","EMP","TOT","PC_WKGPOP","A","2013",75.1,
"NLD","EMP","TOT","PC_WKGPOP","A","2014",74.65,
"NLD","EMP","TOT","PC_WKGPOP","A","2015",75.65,
"NLD","EMP","TOT","PC_WKGPOP","A","2016",76.375,
"NLD","EMP","TOT","PC_WKGPOP","A","2017",77.375,
"NLD","EMP","TOT","PC_WKGPOP","A","2018",78.7,
"NLD","EMP","TOT","PC_WKGPOP","A","2019",79.7,
"NLD","EMP","TOT","PC_WKGPOP","A","2020",79.3,
"NLD","EMP","TOT","PC_WKGPOP","A","2021",80.15,
"NZL","EMP","TOT","PC_WKGPOP","A","1986",72.15318,
"NZL","EMP","TOT","PC_WKGPOP","A","1987",71.97916,
"NZL","EMP","TOT","PC_WKGPOP","A","1988",69.43733,
"NZL","EMP","TOT","PC_WKGPOP","A","1989",67.16886,
"NZL","EMP","TOT","PC_WKGPOP","A","1990",67.10247,
"NZL","EMP","TOT","PC_WKGPOP","A","1991",65.26609,
"NZL","EMP","TOT","PC_WKGPOP","A","1992",64.92945,
"NZL","EMP","TOT","PC_WKGPOP","A","1993",65.62728,
"NZL","EMP","TOT","PC_WKGPOP","A","1994",67.49545,
"NZL","EMP","TOT","PC_WKGPOP","A","1995",69.65571,
"NZL","EMP","TOT","PC_WKGPOP","A","1996",70.60989,
"NZL","EMP","TOT","PC_WKGPOP","A","1997",70.1252,
"NZL","EMP","TOT","PC_WKGPOP","A","1998",69.07514,
"NZL","EMP","TOT","PC_WKGPOP","A","1999",69.55356,
"NZL","EMP","TOT","PC_WKGPOP","A","2000",70.33273,
"NZL","EMP","TOT","PC_WKGPOP","A","2001",71.37629,
"NZL","EMP","TOT","PC_WKGPOP","A","2002",72.09379,
"NZL","EMP","TOT","PC_WKGPOP","A","2003",72.15541,
"NZL","EMP","TOT","PC_WKGPOP","A","2004",73.16463,
"NZL","EMP","TOT","PC_WKGPOP","A","2005",74.21869,
"NZL","EMP","TOT","PC_WKGPOP","A","2006",74.76456,
"NZL","EMP","TOT","PC_WKGPOP","A","2007",75.10442,
"NZL","EMP","TOT","PC_WKGPOP","A","2008",74.55002,
"NZL","EMP","TOT","PC_WKGPOP","A","2009",72.72729,
"NZL","EMP","TOT","PC_WKGPOP","A","2010",72.10973,
"NZL","EMP","TOT","PC_WKGPOP","A","2011",72.40391,
"NZL","EMP","TOT","PC_WKGPOP","A","2012",71.85777,
"NZL","EMP","TOT","PC_WKGPOP","A","2013",72.72184,
"NZL","EMP","TOT","PC_WKGPOP","A","2014",74.17313,
"NZL","EMP","TOT","PC_WKGPOP","A","2015",74.24967,
"NZL","EMP","TOT","PC_WKGPOP","A","2016",75.57751,
"NZL","EMP","TOT","PC_WKGPOP","A","2017",76.91602,
"NZL","EMP","TOT","PC_WKGPOP","A","2018",77.49548,
"NZL","EMP","TOT","PC_WKGPOP","A","2019",77.46133,
"NZL","EMP","TOT","PC_WKGPOP","A","2020",76.78643,
"NZL","EMP","TOT","PC_WKGPOP","A","2021",78.33437,
"NOR","EMP","TOT","PC_WKGPOP","A","2000",77.5,
"NOR","EMP","TOT","PC_WKGPOP","A","2001",77.175,
"NOR","EMP","TOT","PC_WKGPOP","A","2002",76.825,
"NOR","EMP","TOT","PC_WKGPOP","A","2003",75.5,
"NOR","EMP","TOT","PC_WKGPOP","A","2004",75.125,"B"
"NOR","EMP","TOT","PC_WKGPOP","A","2005",74.825,"B"
"NOR","EMP","TOT","PC_WKGPOP","A","2006",75.375,
"NOR","EMP","TOT","PC_WKGPOP","A","2007",76.825,
"NOR","EMP","TOT","PC_WKGPOP","A","2008",77.95,
"NOR","EMP","TOT","PC_WKGPOP","A","2009",76.425,
"NOR","EMP","TOT","PC_WKGPOP","A","2010",75.3,
"NOR","EMP","TOT","PC_WKGPOP","A","2011",75.3,
"NOR","EMP","TOT","PC_WKGPOP","A","2012",75.75,
"NOR","EMP","TOT","PC_WKGPOP","A","2013",75.425,
"NOR","EMP","TOT","PC_WKGPOP","A","2014",75.225,
"NOR","EMP","TOT","PC_WKGPOP","A","2015",74.8,
"NOR","EMP","TOT","PC_WKGPOP","A","2016",74.3,
"NOR","EMP","TOT","PC_WKGPOP","A","2017",74,
"NOR","EMP","TOT","PC_WKGPOP","A","2018",74.8,
"NOR","EMP","TOT","PC_WKGPOP","A","2019",75.3,
"NOR","EMP","TOT","PC_WKGPOP","A","2020",74.65,"B"
"NOR","EMP","TOT","PC_WKGPOP","A","2021",76.3,
"POL","EMP","TOT","PC_WKGPOP","A","2000",54.975,"B"
"POL","EMP","TOT","PC_WKGPOP","A","2001",53.35,
"POL","EMP","TOT","PC_WKGPOP","A","2002",51.475,"B"
"POL","EMP","TOT","PC_WKGPOP","A","2003",51.2,"B"
"POL","EMP","TOT","PC_WKGPOP","A","2004",51.65,"B"
"POL","EMP","TOT","PC_WKGPOP","A","2005",52.775,
"POL","EMP","TOT","PC_WKGPOP","A","2006",54.45,
"POL","EMP","TOT","PC_WKGPOP","A","2007",57.025,
"POL","EMP","TOT","PC_WKGPOP","A","2008",59.225,"B"
"POL","EMP","TOT","PC_WKGPOP","A","2009",57.175,"B"
"POL","EMP","TOT","PC_WKGPOP","A","2010",56.975,
"POL","EMP","TOT","PC_WKGPOP","A","2011",57.45,
"POL","EMP","TOT","PC_WKGPOP","A","2012",58,
"POL","EMP","TOT","PC_WKGPOP","A","2013",58.425,
"POL","EMP","TOT","PC_WKGPOP","A","2014",60.2,
"POL","EMP","TOT","PC_WKGPOP","A","2015",61.6,
"POL","EMP","TOT","PC_WKGPOP","A","2016",63.45,
"POL","EMP","TOT","PC_WKGPOP","A","2017",65.25,
"POL","EMP","TOT","PC_WKGPOP","A","2018",66.675,
"POL","EMP","TOT","PC_WKGPOP","A","2019",67.525,
"POL","EMP","TOT","PC_WKGPOP","A","2020",67.8,
"POL","EMP","TOT","PC_WKGPOP","A","2021",70.3,
"PRT","EMP","TOT","PC_WKGPOP","A","1998",66.825,
"PRT","EMP","TOT","PC_WKGPOP","A","1999",67.525,
"PRT","EMP","TOT","PC_WKGPOP","A","2000",68.375,
"PRT","EMP","TOT","PC_WKGPOP","A","2001",69,
"PRT","EMP","TOT","PC_WKGPOP","A","2002",68.775,
"PRT","EMP","TOT","PC_WKGPOP","A","2003",68,
"PRT","EMP","TOT","PC_WKGPOP","A","2004",67.65,"B"
"PRT","EMP","TOT","PC_WKGPOP","A","2005",67.3,
"PRT","EMP","TOT","PC_WKGPOP","A","2006",67.625,
"PRT","EMP","TOT","PC_WKGPOP","A","2007",67.6,
"PRT","EMP","TOT","PC_WKGPOP","A","2008",68.025,"B"
"PRT","EMP","TOT","PC_WKGPOP","A","2009",62.975,
"PRT","EMP","TOT","PC_WKGPOP","A","2010",62.25,
"PRT","EMP","TOT","PC_WKGPOP","A","2011",61.85,
"PRT","EMP","TOT","PC_WKGPOP","A","2012",59.325,
"PRT","EMP","TOT","PC_WKGPOP","A","2013",58.825,
"PRT","EMP","TOT","PC_WKGPOP","A","2014",61.2,
"PRT","EMP","TOT","PC_WKGPOP","A","2015",62.8,
"PRT","EMP","TOT","PC_WKGPOP","A","2016",64.225,
"PRT","EMP","TOT","PC_WKGPOP","A","2017",66.95,
"PRT","EMP","TOT","PC_WKGPOP","A","2018",69.025,
"PRT","EMP","TOT","PC_WKGPOP","A","2019",69.85,
"PRT","EMP","TOT","PC_WKGPOP","A","2020",68.525,
"PRT","EMP","TOT","PC_WKGPOP","A","2021",70.15,
"SVK","EMP","TOT","PC_WKGPOP","A","1999",58.1,
"SVK","EMP","TOT","PC_WKGPOP","A","2000",56.775,
"SVK","EMP","TOT","PC_WKGPOP","A","2001",56.825,
"SVK","EMP","TOT","PC_WKGPOP","A","2002",56.8,"B"
"SVK","EMP","TOT","PC_WKGPOP","A","2003",57.725,
"SVK","EMP","TOT","PC_WKGPOP","A","2004",56.975,"B"
"SVK","EMP","TOT","PC_WKGPOP","A","2005",57.7,
"SVK","EMP","TOT","PC_WKGPOP","A","2006",59.425,
"SVK","EMP","TOT","PC_WKGPOP","A","2007",60.7,
"SVK","EMP","TOT","PC_WKGPOP","A","2008",62.25,"B"
"SVK","EMP","TOT","PC_WKGPOP","A","2009",61.85,
"SVK","EMP","TOT","PC_WKGPOP","A","2010",60.425,"B"
"SVK","EMP","TOT","PC_WKGPOP","A","2011",61,
"SVK","EMP","TOT","PC_WKGPOP","A","2012",61.375,
"SVK","EMP","TOT","PC_WKGPOP","A","2013",61.575,
"SVK","EMP","TOT","PC_WKGPOP","A","2014",62.7,
"SVK","EMP","TOT","PC_WKGPOP","A","2015",64.525,
"SVK","EMP","TOT","PC_WKGPOP","A","2016",66.7,
"SVK","EMP","TOT","PC_WKGPOP","A","2017",68.075,
"SVK","EMP","TOT","PC_WKGPOP","A","2018",69.55,
"SVK","EMP","TOT","PC_WKGPOP","A","2019",70.425,
"SVK","EMP","TOT","PC_WKGPOP","A","2020",69.475,
"SVK","EMP","TOT","PC_WKGPOP","A","2021",69.45,
"ESP","EMP","TOT","PC_WKGPOP","A","1999",53.85,
"ESP","EMP","TOT","PC_WKGPOP","A","2000",56.275,"B"
"ESP","EMP","TOT","PC_WKGPOP","A","2001",57.825,
"ESP","EMP","TOT","PC_WKGPOP","A","2002",58.925,
"ESP","EMP","TOT","PC_WKGPOP","A","2003",60.175,
"ESP","EMP","TOT","PC_WKGPOP","A","2004",61.325,"B"
"ESP","EMP","TOT","PC_WKGPOP","A","2005",63.55,
"ESP","EMP","TOT","PC_WKGPOP","A","2006",65.025,
"ESP","EMP","TOT","PC_WKGPOP","A","2007",65.8,
"ESP","EMP","TOT","PC_WKGPOP","A","2008",64.475,
"ESP","EMP","TOT","PC_WKGPOP","A","2009",59.95,
"ESP","EMP","TOT","PC_WKGPOP","A","2010",58.85,
"ESP","EMP","TOT","PC_WKGPOP","A","2011",58.025,
"ESP","EMP","TOT","PC_WKGPOP","A","2012",55.75,
"ESP","EMP","TOT","PC_WKGPOP","A","2013",54.825,
"ESP","EMP","TOT","PC_WKGPOP","A","2014",56,
"ESP","EMP","TOT","PC_WKGPOP","A","2015",57.8,
"ESP","EMP","TOT","PC_WKGPOP","A","2016",59.55,
"ESP","EMP","TOT","PC_WKGPOP","A","2017",61.1,
"ESP","EMP","TOT","PC_WKGPOP","A","2018",62.4,
"ESP","EMP","TOT","PC_WKGPOP","A","2019",63.3,
"ESP","EMP","TOT","PC_WKGPOP","A","2020",60.95,
"ESP","EMP","TOT","PC_WKGPOP","A","2021",62.725,
"SWE","EMP","TOT","PC_WKGPOP","A","2001",74.05,
"SWE","EMP","TOT","PC_WKGPOP","A","2002",73.625,
"SWE","EMP","TOT","PC_WKGPOP","A","2003",72.875,
"SWE","EMP","TOT","PC_WKGPOP","A","2004",72.05,"B"
"SWE","EMP","TOT","PC_WKGPOP","A","2005",72.3,"B"
"SWE","EMP","TOT","PC_WKGPOP","A","2006",73.125,
"SWE","EMP","TOT","PC_WKGPOP","A","2007",74.175,
"SWE","EMP","TOT","PC_WKGPOP","A","2008",74.325,"B"
"SWE","EMP","TOT","PC_WKGPOP","A","2009",71.65,
"SWE","EMP","TOT","PC_WKGPOP","A","2010",71.6,
"SWE","EMP","TOT","PC_WKGPOP","A","2011",73.1,
"SWE","EMP","TOT","PC_WKGPOP","A","2012",73.275,
"SWE","EMP","TOT","PC_WKGPOP","A","2013",73.95,
"SWE","EMP","TOT","PC_WKGPOP","A","2014",74.425,
"SWE","EMP","TOT","PC_WKGPOP","A","2015",75.025,
"SWE","EMP","TOT","PC_WKGPOP","A","2016",75.725,
"SWE","EMP","TOT","PC_WKGPOP","A","2017",76.325,
"SWE","EMP","TOT","PC_WKGPOP","A","2018",76.85,"B"
"SWE","EMP","TOT","PC_WKGPOP","A","2019",76.575,
"SWE","EMP","TOT","PC_WKGPOP","A","2020",74.875,
"SWE","EMP","TOT","PC_WKGPOP","A","2021",75.375,
"CHE","EMP","TOT","PC_WKGPOP","A","2005",77.2,
"CHE","EMP","TOT","PC_WKGPOP","A","2006",77.9,
"CHE","EMP","TOT","PC_WKGPOP","A","2007",78.6,
"CHE","EMP","TOT","PC_WKGPOP","A","2008",79.5,
"CHE","EMP","TOT","PC_WKGPOP","A","2009",79,"B"
"CHE","EMP","TOT","PC_WKGPOP","A","2010",77.325,
"CHE","EMP","TOT","PC_WKGPOP","A","2011",78.35,
"CHE","EMP","TOT","PC_WKGPOP","A","2012",78.475,
"CHE","EMP","TOT","PC_WKGPOP","A","2013",78.4,
"CHE","EMP","TOT","PC_WKGPOP","A","2014",78.75,
"CHE","EMP","TOT","PC_WKGPOP","A","2015",79.2,
"CHE","EMP","TOT","PC_WKGPOP","A","2016",79.6,
"CHE","EMP","TOT","PC_WKGPOP","A","2017",79.8,
"CHE","EMP","TOT","PC_WKGPOP","A","2018",80.1,
"CHE","EMP","TOT","PC_WKGPOP","A","2019",80.475,
"CHE","EMP","TOT","PC_WKGPOP","A","2020",79.925,"B"
"CHE","EMP","TOT","PC_WKGPOP","A","2021",79.25,
"TUR","EMP","TOT","PC_WKGPOP","A","2006",44.575,
"TUR","EMP","TOT","PC_WKGPOP","A","2007",44.65,
"TUR","EMP","TOT","PC_WKGPOP","A","2008",44.85,
"TUR","EMP","TOT","PC_WKGPOP","A","2009",44.225,
"TUR","EMP","TOT","PC_WKGPOP","A","2010",46.275,
"TUR","EMP","TOT","PC_WKGPOP","A","2011",48.4,
"TUR","EMP","TOT","PC_WKGPOP","A","2012",48.9,
"TUR","EMP","TOT","PC_WKGPOP","A","2013",49.525,"B"
"TUR","EMP","TOT","PC_WKGPOP","A","2014",49.525,
"TUR","EMP","TOT","PC_WKGPOP","A","2015",50.15,
"TUR","EMP","TOT","PC_WKGPOP","A","2016",50.65,
"TUR","EMP","TOT","PC_WKGPOP","A","2017",51.55,
"TUR","EMP","TOT","PC_WKGPOP","A","2018",51.975,
"TUR","EMP","TOT","PC_WKGPOP","A","2019",50.3,
"TUR","EMP","TOT","PC_WKGPOP","A","2020",47.5,"B"
"TUR","EMP","TOT","PC_WKGPOP","A","2021",50.25,
"GBR","EMP","TOT","PC_WKGPOP","A","1993",68.425,
"GBR","EMP","TOT","PC_WKGPOP","A","1994",68.925,
"GBR","EMP","TOT","PC_WKGPOP","A","1995",69.55,
"GBR","EMP","TOT","PC_WKGPOP","A","1996",70.05,
"GBR","EMP","TOT","PC_WKGPOP","A","1997",71,
"GBR","EMP","TOT","PC_WKGPOP","A","1998",71.45,
"GBR","EMP","TOT","PC_WKGPOP","A","1999",72.025,
"GBR","EMP","TOT","PC_WKGPOP","A","2000",72.475,
"GBR","EMP","TOT","PC_WKGPOP","A","2001",72.6,
"GBR","EMP","TOT","PC_WKGPOP","A","2002",72.65,
"GBR","EMP","TOT","PC_WKGPOP","A","2003",72.775,
"GBR","EMP","TOT","PC_WKGPOP","A","2004",72.975,
"GBR","EMP","TOT","PC_WKGPOP","A","2005",72.925,
"GBR","EMP","TOT","PC_WKGPOP","A","2006",72.825,
"GBR","EMP","TOT","PC_WKGPOP","A","2007",72.7,
"GBR","EMP","TOT","PC_WKGPOP","A","2008",72.6,
"GBR","EMP","TOT","PC_WKGPOP","A","2009",70.9,
"GBR","EMP","TOT","PC_WKGPOP","A","2010",70.45,
"GBR","EMP","TOT","PC_WKGPOP","A","2011",70.325,
"GBR","EMP","TOT","PC_WKGPOP","A","2012",70.975,
"GBR","EMP","TOT","PC_WKGPOP","A","2013",71.55,
"GBR","EMP","TOT","PC_WKGPOP","A","2014",72.875,
"GBR","EMP","TOT","PC_WKGPOP","A","2015",73.675,
"GBR","EMP","TOT","PC_WKGPOP","A","2016",74.375,
"GBR","EMP","TOT","PC_WKGPOP","A","2017",75,
"GBR","EMP","TOT","PC_WKGPOP","A","2018",75.625,
"GBR","EMP","TOT","PC_WKGPOP","A","2019",76.175,
"GBR","EMP","TOT","PC_WKGPOP","A","2020",75.4,
"GBR","EMP","TOT","PC_WKGPOP","A","2021",75.125,
"USA","EMP","TOT","PC_WKGPOP","A","1955",61.46822,
"USA","EMP","TOT","PC_WKGPOP","A","1956",62.4337,
"USA","EMP","TOT","PC_WKGPOP","A","1957",62.20108,
"USA","EMP","TOT","PC_WKGPOP","A","1958",60.5542,
"USA","EMP","TOT","PC_WKGPOP","A","1959",61.39219,
"USA","EMP","TOT","PC_WKGPOP","A","1960",61.52728,
"USA","EMP","TOT","PC_WKGPOP","A","1961",60.87849,
"USA","EMP","TOT","PC_WKGPOP","A","1962",61.47677,
"USA","EMP","TOT","PC_WKGPOP","A","1963",61.48097,
"USA","EMP","TOT","PC_WKGPOP","A","1964",61.79631,
"USA","EMP","TOT","PC_WKGPOP","A","1965",62.41243,
"USA","EMP","TOT","PC_WKGPOP","A","1966",63.37987,
"USA","EMP","TOT","PC_WKGPOP","A","1967",63.80169,
"USA","EMP","TOT","PC_WKGPOP","A","1968",64.08068,
"USA","EMP","TOT","PC_WKGPOP","A","1969",64.61467,
"USA","EMP","TOT","PC_WKGPOP","A","1970",63.99263,
"USA","EMP","TOT","PC_WKGPOP","A","1971",63.17525,
"USA","EMP","TOT","PC_WKGPOP","A","1972",63.7738,
"USA","EMP","TOT","PC_WKGPOP","A","1973",64.85249,
"USA","EMP","TOT","PC_WKGPOP","A","1974",64.99554,
"USA","EMP","TOT","PC_WKGPOP","A","1975",63.08882,
"USA","EMP","TOT","PC_WKGPOP","A","1976",64.14752,
"USA","EMP","TOT","PC_WKGPOP","A","1977",65.39526,
"USA","EMP","TOT","PC_WKGPOP","A","1978",67.09882,
"USA","EMP","TOT","PC_WKGPOP","A","1979",67.91239,
"USA","EMP","TOT","PC_WKGPOP","A","1980",67.18594,
"USA","EMP","TOT","PC_WKGPOP","A","1981",67.07856,
"USA","EMP","TOT","PC_WKGPOP","A","1982",65.76852,
"USA","EMP","TOT","PC_WKGPOP","A","1983",66.00588,
"USA","EMP","TOT","PC_WKGPOP","A","1984",68.13399,
"USA","EMP","TOT","PC_WKGPOP","A","1985",69.00044,
"USA","EMP","TOT","PC_WKGPOP","A","1986",69.68153,
"USA","EMP","TOT","PC_WKGPOP","A","1987",70.74065,
"USA","EMP","TOT","PC_WKGPOP","A","1988",71.64634,
"USA","EMP","TOT","PC_WKGPOP","A","1989",72.4952,
"USA","EMP","TOT","PC_WKGPOP","A","1990",72.19167,
"USA","EMP","TOT","PC_WKGPOP","A","1991",70.96761,
"USA","EMP","TOT","PC_WKGPOP","A","1992",70.80585,
"USA","EMP","TOT","PC_WKGPOP","A","1993",71.20782,
"USA","EMP","TOT","PC_WKGPOP","A","1994",72.00175,
"USA","EMP","TOT","PC_WKGPOP","A","1995",72.5349,
"USA","EMP","TOT","PC_WKGPOP","A","1996",72.85875,
"USA","EMP","TOT","PC_WKGPOP","A","1997",73.50204,
"USA","EMP","TOT","PC_WKGPOP","A","1998",73.84345,
"USA","EMP","TOT","PC_WKGPOP","A","1999",73.94605,
"USA","EMP","TOT","PC_WKGPOP","A","2000",74.09456,
"USA","EMP","TOT","PC_WKGPOP","A","2001",73.13562,
"USA","EMP","TOT","PC_WKGPOP","A","2002",71.92931,
"USA","EMP","TOT","PC_WKGPOP","A","2003",71.22334,
"USA","EMP","TOT","PC_WKGPOP","A","2004",71.22248,
"USA","EMP","TOT","PC_WKGPOP","A","2005",71.53017,
"USA","EMP","TOT","PC_WKGPOP","A","2006",71.99708,
"USA","EMP","TOT","PC_WKGPOP","A","2007",71.78132,
"USA","EMP","TOT","PC_WKGPOP","A","2008",70.88825,
"USA","EMP","TOT","PC_WKGPOP","A","2009",67.62595,
"USA","EMP","TOT","PC_WKGPOP","A","2010",66.68977,
"USA","EMP","TOT","PC_WKGPOP","A","2011",66.64754,
"USA","EMP","TOT","PC_WKGPOP","A","2012",67.13661,
"USA","EMP","TOT","PC_WKGPOP","A","2013",67.35994,
"USA","EMP","TOT","PC_WKGPOP","A","2014",68.14875,
"USA","EMP","TOT","PC_WKGPOP","A","2015",68.70962,
"USA","EMP","TOT","PC_WKGPOP","A","2016",69.35136,
"USA","EMP","TOT","PC_WKGPOP","A","2017",70.11017,
"USA","EMP","TOT","PC_WKGPOP","A","2018",70.72614,
"USA","EMP","TOT","PC_WKGPOP","A","2019",71.35841,
"USA","EMP","TOT","PC_WKGPOP","A","2020",67.06998,
"USA","EMP","TOT","PC_WKGPOP","A","2021",69.40365,
"CHL","EMP","TOT","PC_WKGPOP","A","2005",54.44468,
"CHL","EMP","TOT","PC_WKGPOP","A","2006",55.5009,
"CHL","EMP","TOT","PC_WKGPOP","A","2007",56.3303,
"CHL","EMP","TOT","PC_WKGPOP","A","2008",57.2645,
"CHL","EMP","TOT","PC_WKGPOP","A","2009",56.06453,
"CHL","EMP","TOT","PC_WKGPOP","A","2010",60.1041,
"CHL","EMP","TOT","PC_WKGPOP","A","2011",62.04338,
"CHL","EMP","TOT","PC_WKGPOP","A","2012",62.65226,
"CHL","EMP","TOT","PC_WKGPOP","A","2013",63.15082,
"CHL","EMP","TOT","PC_WKGPOP","A","2014",63.23605,
"CHL","EMP","TOT","PC_WKGPOP","A","2015",63.49899,
"CHL","EMP","TOT","PC_WKGPOP","A","2016",63.34484,
"CHL","EMP","TOT","PC_WKGPOP","A","2017",63.90356,
"CHL","EMP","TOT","PC_WKGPOP","A","2018",64.0955,
"CHL","EMP","TOT","PC_WKGPOP","A","2019",64.09287,
"CHL","EMP","TOT","PC_WKGPOP","A","2020",55.84916,
"CHL","EMP","TOT","PC_WKGPOP","A","2021",58.47194,
"EST","EMP","TOT","PC_WKGPOP","A","2000",60.275,
"EST","EMP","TOT","PC_WKGPOP","A","2001",61.075,
"EST","EMP","TOT","PC_WKGPOP","A","2002",61.325,
"EST","EMP","TOT","PC_WKGPOP","A","2003",62.95,
"EST","EMP","TOT","PC_WKGPOP","A","2004",63.15,"B"
"EST","EMP","TOT","PC_WKGPOP","A","2005",64.825,
"EST","EMP","TOT","PC_WKGPOP","A","2006",68.425,
"EST","EMP","TOT","PC_WKGPOP","A","2007",69.725,
"EST","EMP","TOT","PC_WKGPOP","A","2008",70.075,"B"
"EST","EMP","TOT","PC_WKGPOP","A","2009",64.2,
"EST","EMP","TOT","PC_WKGPOP","A","2010",61.95,
"EST","EMP","TOT","PC_WKGPOP","A","2011",65.7,
"EST","EMP","TOT","PC_WKGPOP","A","2012",67.975,
"EST","EMP","TOT","PC_WKGPOP","A","2013",69.175,
"EST","EMP","TOT","PC_WKGPOP","A","2014",70.225,
"EST","EMP","TOT","PC_WKGPOP","A","2015",72.075,
"EST","EMP","TOT","PC_WKGPOP","A","2016",72.4,
"EST","EMP","TOT","PC_WKGPOP","A","2017",74.5,
"EST","EMP","TOT","PC_WKGPOP","A","2018",75.05,
"EST","EMP","TOT","PC_WKGPOP","A","2019",75.55,
"EST","EMP","TOT","PC_WKGPOP","A","2020",73.975,
"EST","EMP","TOT","PC_WKGPOP","A","2021",74,
"ISR","EMP","TOT","PC_WKGPOP","A","1995",56.51433,
"ISR","EMP","TOT","PC_WKGPOP","A","1996",56.36247,
"ISR","EMP","TOT","PC_WKGPOP","A","1997",55.70263,
"ISR","EMP","TOT","PC_WKGPOP","A","1998",55.23224,
"ISR","EMP","TOT","PC_WKGPOP","A","1999",55.46907,
"ISR","EMP","TOT","PC_WKGPOP","A","2000",56.07549,
"ISR","EMP","TOT","PC_WKGPOP","A","2001",55.56511,
"ISR","EMP","TOT","PC_WKGPOP","A","2002",54.80782,
"ISR","EMP","TOT","PC_WKGPOP","A","2003",54.97932,
"ISR","EMP","TOT","PC_WKGPOP","A","2004",55.6702,
"ISR","EMP","TOT","PC_WKGPOP","A","2005",56.70815,
"ISR","EMP","TOT","PC_WKGPOP","A","2006",57.55732,
"ISR","EMP","TOT","PC_WKGPOP","A","2007",58.94432,
"ISR","EMP","TOT","PC_WKGPOP","A","2008",59.82737,
"ISR","EMP","TOT","PC_WKGPOP","A","2009",59.21324,
"ISR","EMP","TOT","PC_WKGPOP","A","2010",60.1636,
"ISR","EMP","TOT","PC_WKGPOP","A","2011",60.87873,"B"
"ISR","EMP","TOT","PC_WKGPOP","A","2012",66.5,
"ISR","EMP","TOT","PC_WKGPOP","A","2013",67.05833,
"ISR","EMP","TOT","PC_WKGPOP","A","2014",67.86667,
"ISR","EMP","TOT","PC_WKGPOP","A","2015",68.31667,
"ISR","EMP","TOT","PC_WKGPOP","A","2016",68.575,
"ISR","EMP","TOT","PC_WKGPOP","A","2017",69.025,
"ISR","EMP","TOT","PC_WKGPOP","A","2018",69.03333,
"ISR","EMP","TOT","PC_WKGPOP","A","2019",68.94167,
"ISR","EMP","TOT","PC_WKGPOP","A","2020",66.78333,
"ISR","EMP","TOT","PC_WKGPOP","A","2021",66.6,
"SVN","EMP","TOT","PC_WKGPOP","A","1999",62.2,
"SVN","EMP","TOT","PC_WKGPOP","A","2000",62.85,
"SVN","EMP","TOT","PC_WKGPOP","A","2001",63.8,
"SVN","EMP","TOT","PC_WKGPOP","A","2002",63.45,
"SVN","EMP","TOT","PC_WKGPOP","A","2003",62.575,
"SVN","EMP","TOT","PC_WKGPOP","A","2004",65.275,"B"
"SVN","EMP","TOT","PC_WKGPOP","A","2005",65.95,
"SVN","EMP","TOT","PC_WKGPOP","A","2006",66.55,
"SVN","EMP","TOT","PC_WKGPOP","A","2007",67.75,
"SVN","EMP","TOT","PC_WKGPOP","A","2008",68.575,"B"
"SVN","EMP","TOT","PC_WKGPOP","A","2009",67.075,
"SVN","EMP","TOT","PC_WKGPOP","A","2010",65.525,
"SVN","EMP","TOT","PC_WKGPOP","A","2011",63.825,
"SVN","EMP","TOT","PC_WKGPOP","A","2012",63.575,
"SVN","EMP","TOT","PC_WKGPOP","A","2013",62.775,
"SVN","EMP","TOT","PC_WKGPOP","A","2014",63.4,
"SVN","EMP","TOT","PC_WKGPOP","A","2015",64.65,
"SVN","EMP","TOT","PC_WKGPOP","A","2016",65.325,
"SVN","EMP","TOT","PC_WKGPOP","A","2017",68.725,
"SVN","EMP","TOT","PC_WKGPOP","A","2018",70.55,
"SVN","EMP","TOT","PC_WKGPOP","A","2019",71.275,
"SVN","EMP","TOT","PC_WKGPOP","A","2020",70.05,
"SVN","EMP","TOT","PC_WKGPOP","A","2021",71.45,
"ZAF","EMP","TOT","PC_WKGPOP","A","2000",45.67535,
"ZAF","EMP","TOT","PC_WKGPOP","A","2001",44.07782,
"ZAF","EMP","TOT","PC_WKGPOP","A","2002",42.83311,
"ZAF","EMP","TOT","PC_WKGPOP","A","2003",41.51175,
"ZAF","EMP","TOT","PC_WKGPOP","A","2004",41.58983,
"ZAF","EMP","TOT","PC_WKGPOP","A","2005",43.37444,
"ZAF","EMP","TOT","PC_WKGPOP","A","2006",44.89611,
"ZAF","EMP","TOT","PC_WKGPOP","A","2007",44.42795,"B"
"ZAF","EMP","TOT","PC_WKGPOP","A","2008",45.91456,
"ZAF","EMP","TOT","PC_WKGPOP","A","2009",43.86818,
"ZAF","EMP","TOT","PC_WKGPOP","A","2010",41.83601,
"ZAF","EMP","TOT","PC_WKGPOP","A","2011",41.91941,
"ZAF","EMP","TOT","PC_WKGPOP","A","2012",42.2082,
"ZAF","EMP","TOT","PC_WKGPOP","A","2013",42.72718,
"ZAF","EMP","TOT","PC_WKGPOP","A","2014",42.77369,
"ZAF","EMP","TOT","PC_WKGPOP","A","2015",43.68032,
"ZAF","EMP","TOT","PC_WKGPOP","A","2016",43.03369,
"ZAF","EMP","TOT","PC_WKGPOP","A","2017",43.35536,
"ZAF","EMP","TOT","PC_WKGPOP","A","2018",43.24669,
"ZAF","EMP","TOT","PC_WKGPOP","A","2019",42.46033,
"ZAF","EMP","TOT","PC_WKGPOP","A","2020",38.53147,
"ZAF","EMP","TOT","PC_WKGPOP","A","2021",37.03354,
"OECD","EMP","TOT","PC_WKGPOP","A","2005",65.1788,"E"
"OECD","EMP","TOT","PC_WKGPOP","A","2006",65.82865,"E"
"OECD","EMP","TOT","PC_WKGPOP","A","2007",66.26337,"E"
"OECD","EMP","TOT","PC_WKGPOP","A","2008",66.21275,"E"
"OECD","EMP","TOT","PC_WKGPOP","A","2009",64.43732,"E"
"OECD","EMP","TOT","PC_WKGPOP","A","2010",64.30033,"E"
"OECD","EMP","TOT","PC_WKGPOP","A","2011",64.66471,"E"
"OECD","EMP","TOT","PC_WKGPOP","A","2012",64.91375,"E"
"OECD","EMP","TOT","PC_WKGPOP","A","2013",65.11784,"E"
"OECD","EMP","TOT","PC_WKGPOP","A","2014",65.68324,"E"
"OECD","EMP","TOT","PC_WKGPOP","A","2015",66.28265,"E"
"OECD","EMP","TOT","PC_WKGPOP","A","2016",66.94324,"E"
"OECD","EMP","TOT","PC_WKGPOP","A","2017",67.68945,"E"
"OECD","EMP","TOT","PC_WKGPOP","A","2018",68.37361,"E"
"OECD","EMP","TOT","PC_WKGPOP","A","2019",68.77763,"E"
"OECD","EMP","TOT","PC_WKGPOP","A","2020",66.00932,"E"
"OECD","EMP","TOT","PC_WKGPOP","A","2021",67.69095,"E"
"G-7","EMP","TOT","PC_WKGPOP","A","2005",68.9535,"E"
"G-7","EMP","TOT","PC_WKGPOP","A","2006",69.54126,"E"
"G-7","EMP","TOT","PC_WKGPOP","A","2007",69.89182,"E"
"G-7","EMP","TOT","PC_WKGPOP","A","2008",69.7182,"E"
"G-7","EMP","TOT","PC_WKGPOP","A","2009",67.56794,"E"
"G-7","EMP","TOT","PC_WKGPOP","A","2010",67.18957,"E"
"G-7","EMP","TOT","PC_WKGPOP","A","2011",67.42645,"E"
"G-7","EMP","TOT","PC_WKGPOP","A","2012",67.68073,"E"
"G-7","EMP","TOT","PC_WKGPOP","A","2013",67.99095,"E"
"G-7","EMP","TOT","PC_WKGPOP","A","2014",68.66313,"E"
"G-7","EMP","TOT","PC_WKGPOP","A","2015",69.17735,"E"
"G-7","EMP","TOT","PC_WKGPOP","A","2016",69.88519,"E"
"G-7","EMP","TOT","PC_WKGPOP","A","2017",70.6382,"E"
"G-7","EMP","TOT","PC_WKGPOP","A","2018",71.40932,"E"
"G-7","EMP","TOT","PC_WKGPOP","A","2019",72.05718,"E"
"G-7","EMP","TOT","PC_WKGPOP","A","2020",69.57633,"E"
"G-7","EMP","TOT","PC_WKGPOP","A","2021",71.07111,"E"
"EA19","EMP","TOT","PC_WKGPOP","A","2005",63.375,
"EA19","EMP","TOT","PC_WKGPOP","A","2006",64.4,
"EA19","EMP","TOT","PC_WKGPOP","A","2007",65.4,
"EA19","EMP","TOT","PC_WKGPOP","A","2008",65.75,
"EA19","EMP","TOT","PC_WKGPOP","A","2009",64.1,
"EA19","EMP","TOT","PC_WKGPOP","A","2010",63.75,
"EA19","EMP","TOT","PC_WKGPOP","A","2011",63.925,
"EA19","EMP","TOT","PC_WKGPOP","A","2012",63.475,
"EA19","EMP","TOT","PC_WKGPOP","A","2013",63.225,
"EA19","EMP","TOT","PC_WKGPOP","A","2014",63.7,
"EA19","EMP","TOT","PC_WKGPOP","A","2015",64.45,
"EA19","EMP","TOT","PC_WKGPOP","A","2016",65.4,
"EA19","EMP","TOT","PC_WKGPOP","A","2017",66.325,
"EA19","EMP","TOT","PC_WKGPOP","A","2018",67.225,
"EA19","EMP","TOT","PC_WKGPOP","A","2019",67.925,
"EA19","EMP","TOT","PC_WKGPOP","A","2020",66.65,
"EA19","EMP","TOT","PC_WKGPOP","A","2021",67.975,
"COL","EMP","TOT","PC_WKGPOP","A","2007",59.995,
"COL","EMP","TOT","PC_WKGPOP","A","2008",60.21,
"COL","EMP","TOT","PC_WKGPOP","A","2009",62.0225,
"COL","EMP","TOT","PC_WKGPOP","A","2010",63.35083,
"COL","EMP","TOT","PC_WKGPOP","A","2011",64.82417,
"COL","EMP","TOT","PC_WKGPOP","A","2012",66.015,
"COL","EMP","TOT","PC_WKGPOP","A","2013",66.21416,
"COL","EMP","TOT","PC_WKGPOP","A","2014",66.71,
"COL","EMP","TOT","PC_WKGPOP","A","2015",67.385,
"COL","EMP","TOT","PC_WKGPOP","A","2016",67.0325,
"COL","EMP","TOT","PC_WKGPOP","A","2017",66.93333,
"COL","EMP","TOT","PC_WKGPOP","A","2018",66.45084,
"COL","EMP","TOT","PC_WKGPOP","A","2019",65.36667,
"COL","EMP","TOT","PC_WKGPOP","A","2020",57.83167,
"COL","EMP","TOT","PC_WKGPOP","A","2021",57.84833,
"LVA","EMP","TOT","PC_WKGPOP","A","2002",59.95,
"LVA","EMP","TOT","PC_WKGPOP","A","2003",60.75,
"LVA","EMP","TOT","PC_WKGPOP","A","2004",61.025,"B"
"LVA","EMP","TOT","PC_WKGPOP","A","2005",62.15,
"LVA","EMP","TOT","PC_WKGPOP","A","2006",65.9,
"LVA","EMP","TOT","PC_WKGPOP","A","2007",68.125,
"LVA","EMP","TOT","PC_WKGPOP","A","2008",68.225,"B"
"LVA","EMP","TOT","PC_WKGPOP","A","2009",60.05,
"LVA","EMP","TOT","PC_WKGPOP","A","2010",58.2,
"LVA","EMP","TOT","PC_WKGPOP","A","2011",60.575,
"LVA","EMP","TOT","PC_WKGPOP","A","2012",62.775,
"LVA","EMP","TOT","PC_WKGPOP","A","2013",64.85,
"LVA","EMP","TOT","PC_WKGPOP","A","2014",66.125,
"LVA","EMP","TOT","PC_WKGPOP","A","2015",68.05,
"LVA","EMP","TOT","PC_WKGPOP","A","2016",68.575,
"LVA","EMP","TOT","PC_WKGPOP","A","2017",69.975,
"LVA","EMP","TOT","PC_WKGPOP","A","2018",71.725,
"LVA","EMP","TOT","PC_WKGPOP","A","2019",72.225,
"LVA","EMP","TOT","PC_WKGPOP","A","2020",71.45,
"LVA","EMP","TOT","PC_WKGPOP","A","2021",69.85,
"LTU","EMP","TOT","PC_WKGPOP","A","2005",62.85,
"LTU","EMP","TOT","PC_WKGPOP","A","2006",63.625,
"LTU","EMP","TOT","PC_WKGPOP","A","2007",65,
"LTU","EMP","TOT","PC_WKGPOP","A","2008",64.4,
"LTU","EMP","TOT","PC_WKGPOP","A","2009",59.875,
"LTU","EMP","TOT","PC_WKGPOP","A","2010",57.55,
"LTU","EMP","TOT","PC_WKGPOP","A","2011",60.2,
"LTU","EMP","TOT","PC_WKGPOP","A","2012",62.025,
"LTU","EMP","TOT","PC_WKGPOP","A","2013",63.725,
"LTU","EMP","TOT","PC_WKGPOP","A","2014",65.65,
"LTU","EMP","TOT","PC_WKGPOP","A","2015",67.25,
"LTU","EMP","TOT","PC_WKGPOP","A","2016",69.375,
"LTU","EMP","TOT","PC_WKGPOP","A","2017",70.375,
"LTU","EMP","TOT","PC_WKGPOP","A","2018",72.4,
"LTU","EMP","TOT","PC_WKGPOP","A","2019",72.975,
"LTU","EMP","TOT","PC_WKGPOP","A","2020",71.625,"B"
"LTU","EMP","TOT","PC_WKGPOP","A","2021",72.425,
"EU27_2020","EMP","TOT","PC_WKGPOP","A","2005",62.15,
"EU27_2020","EMP","TOT","PC_WKGPOP","A","2006",63.225,
"EU27_2020","EMP","TOT","PC_WKGPOP","A","2007",64.325,
"EU27_2020","EMP","TOT","PC_WKGPOP","A","2008",64.85,
"EU27_2020","EMP","TOT","PC_WKGPOP","A","2009",62.775,
"EU27_2020","EMP","TOT","PC_WKGPOP","A","2010",62.6,
"EU27_2020","EMP","TOT","PC_WKGPOP","A","2011",62.75,
"EU27_2020","EMP","TOT","PC_WKGPOP","A","2012",62.55,
"EU27_2020","EMP","TOT","PC_WKGPOP","A","2013",62.475,
"EU27_2020","EMP","TOT","PC_WKGPOP","A","2014",63.225,
"EU27_2020","EMP","TOT","PC_WKGPOP","A","2015",64.1,
"EU27_2020","EMP","TOT","PC_WKGPOP","A","2016",65.2,
"EU27_2020","EMP","TOT","PC_WKGPOP","A","2017",66.35,
"EU27_2020","EMP","TOT","PC_WKGPOP","A","2018",67.35,
"EU27_2020","EMP","TOT","PC_WKGPOP","A","2019",68.1,
"EU27_2020","EMP","TOT","PC_WKGPOP","A","2020",67.05,
"EU27_2020","EMP","TOT","PC_WKGPOP","A","2021",68.35,
"RUS","EMP","TOT","PC_WKGPOP","A","2010",67.28529,
"RUS","EMP","TOT","PC_WKGPOP","A","2011",68.01862,
"RUS","EMP","TOT","PC_WKGPOP","A","2012",68.96736,
"RUS","EMP","TOT","PC_WKGPOP","A","2013",68.7785,
"RUS","EMP","TOT","PC_WKGPOP","A","2014",69.33393,
"RUS","EMP","TOT","PC_WKGPOP","A","2015",69.29679,
"RUS","EMP","TOT","PC_WKGPOP","A","2016",70.00275,
"RUS","EMP","TOT","PC_WKGPOP","A","2017",70.30539,
"RUS","EMP","TOT","PC_WKGPOP","A","2018",70.97634,
"RUS","EMP","TOT","PC_WKGPOP","A","2019",70.78918,
"RUS","EMP","TOT","PC_WKGPOP","A","2020",69.99245,
"RUS","EMP","TOT","PC_WKGPOP","A","2021",71.68963,
"CRI","EMP","TOT","PC_WKGPOP","A","2011",58.08942,
"CRI","EMP","TOT","PC_WKGPOP","A","2012",61.81253,
"CRI","EMP","TOT","PC_WKGPOP","A","2013",61.76549,
"CRI","EMP","TOT","PC_WKGPOP","A","2014",61.74079,
"CRI","EMP","TOT","PC_WKGPOP","A","2015",60.69011,
"CRI","EMP","TOT","PC_WKGPOP","A","2016",58.71328,
"CRI","EMP","TOT","PC_WKGPOP","A","2017",59.7869,
"CRI","EMP","TOT","PC_WKGPOP","A","2018",60.95155,
"CRI","EMP","TOT","PC_WKGPOP","A","2019",61.64743,
"CRI","EMP","TOT","PC_WKGPOP","A","2020",54.83073,
"CRI","EMP","TOT","PC_WKGPOP","A","2021",57.15372,
